parameter,feasible_min,feasible_max,optimal_range_min,optimal_range_max
τ_current,0.0,0.4999449994499945,5.000050000500005e-6,0.499919999199992
τ_announced,0.0,0.499989999899999,0.0,0.499989999899999
η_mean,0.5,1.5,0.500040000400004,1.4999599995999962
η_std,0.1,0.2999879998799988,0.1,0.2999739997399974
credibility,0.8,1.0,0.8,0.9999939999399994
μ_A,0.8,1.1999959999599996,0.800040000400004,1.199991999919999
σ_A,0.1,0.3,0.100030000300003,0.2999939999399994
γ,0.0500010000100001,0.14999899998999988,0.0500020000200002,0.1499829998299983
